Date,Product_Category,Price,Discount,Customer_Segment,Marketing_Spend,Units_Sold
01-01-2023,Sports,932.8,35.82,1,6780.38,157
02-01-2023,Toys,569.48,3.6,3,6807.56,173
03-01-2023,Home Decor,699.68,3.56,3,3793.91,110
04-01-2023,Toys,923.27,0.61,3,9422.75,215
05-01-2023,Toys,710.17,47.83,3,1756.83,77
06-01-2023,Fashion,161.01,36.88,3,5053.56,167
07-01-2023,Home Decor,580.53,17.66,1,6939.75,177
08-01-2023,Home Decor,610.65,14.83,2,7001.64,177
09-01-2023,Home Decor,429.89,17.49,1,6521.53,166
10-01-2023,Toys,739.08,38.73,2,2825.35,93
11-01-2023,Sports,935.02,33.07,3,1646.45,58
12-01-2023,Home Decor,926.31,9.26,2,6395.81,142
13-01-2023,Toys,456.33,8.71,1,6033.09,156
14-01-2023,Fashion,122.11,4.92,1,1875.62,78
15-01-2023,Sports,984.99,33.02,2,7080.88,153
16-01-2023,Fashion,840.51,38.22,3,4606.2,123
17-01-2023,Sports,133.42,13.25,3,6710.83,191
18-01-2023,Toys,921.63,1.05,1,8389.93,178
19-01-2023,Electronics,871.2,4.11,2,1780.31,48
20-01-2023,Sports,523.65,48.39,3,289.53,52
21-01-2023,Fashion,595.36,14.77,3,7813.12,203
22-01-2023,Toys,405.01,38.46,1,6136.0,167
23-01-2023,Sports,64.21,31.23,3,7026.43,212
24-01-2023,Electronics,341.85,19.1,2,8397.73,209
25-01-2023,Electronics,804.82,10.28,1,8047.83,176
26-01-2023,Home Decor,14.59,6.07,1,9613.11,248
27-01-2023,Home Decor,340.16,30.75,2,5405.76,154
28-01-2023,Fashion,404.19,38.73,1,4936.11,147
29-01-2023,Sports,542.02,32.2,3,4078.68,126
30-01-2023,Sports,920.66,26.52,3,1621.54,57
31-01-2023,Home Decor,352.88,2.1,2,5768.81,155
01-02-2023,Sports,353.48,48.42,3,2842.42,127
02-02-2023,Sports,740.13,39.94,2,9220.94,219
03-02-2023,Electronics,457.7,14.64,2,5873.59,153
04-02-2023,Home Decor,232.36,49.0,3,5969.12,191
05-02-2023,Toys,457.92,30.09,2,3613.75,112
06-02-2023,Home Decor,149.45,29.12,3,614.69,79
07-02-2023,Toys,184.62,37.4,1,414.26,55
08-02-2023,Electronics,503.38,40.59,1,4291.02,121
09-02-2023,Fashion,424.74,32.82,2,937.2,68
10-02-2023,Sports,915.7,6.4,3,6107.78,146
11-02-2023,Electronics,368.77,16.91,3,8821.63,228
12-02-2023,Sports,584.78,46.4,1,8840.86,215
13-02-2023,Fashion,635.94,11.23,1,6624.55,157
14-02-2023,Fashion,22.96,18.61,3,2191.2,105
15-02-2023,Electronics,666.9,21.6,2,8643.67,202
16-02-2023,Fashion,186.26,21.97,1,8872.33,227
17-02-2023,Toys,961.46,30.65,2,2046.87,67
18-02-2023,Fashion,157.18,47.15,2,7400.52,216
19-02-2023,Sports,420.48,12.03,1,2936.54,87
20-02-2023,Sports,94.5,6.08,2,8046.14,219
21-02-2023,Sports,996.91,9.87,2,9972.66,210
22-02-2023,Sports,507.17,44.35,3,397.26,57
23-02-2023,Toys,599.43,32.29,2,8983.92,222
24-02-2023,Home Decor,76.41,14.3,3,6264.04,195
25-02-2023,Electronics,752.46,40.8,1,9736.49,229
26-02-2023,Sports,217.81,43.07,1,4703.59,146
27-02-2023,Fashion,899.07,42.33,3,8489.14,200
28-02-2023,Sports,213.09,45.95,1,717.7,74
01-03-2023,Fashion,198.78,12.61,2,3419.26,127
02-03-2023,Fashion,46.18,37.75,2,763.46,81
03-03-2023,Sports,477.35,23.03,2,9755.9,237
04-03-2023,Toys,569.19,42.1,1,8188.04,197
05-03-2023,Fashion,75.05,36.42,2,8540.22,231
06-03-2023,Fashion,777.77,38.82,1,9385.86,219
07-03-2023,Sports,458.76,32.81,2,942.52,72
08-03-2023,Fashion,529.15,8.87,3,3917.42,119
09-03-2023,Fashion,446.36,27.25,1,803.25,61
10-03-2023,Sports,406.76,49.23,1,2186.85,94
11-03-2023,Sports,564.04,46.87,2,2370.72,90
12-03-2023,Electronics,163.69,2.16,1,4744.16,144
13-03-2023,Toys,190.11,8.24,1,2758.77,110
14-03-2023,Toys,863.17,6.59,3,1099.68,45
15-03-2023,Fashion,946.65,36.3,3,1758.16,71
16-03-2023,Toys,379.58,40.89,2,1558.03,71
17-03-2023,Fashion,278.04,10.68,3,9733.46,253
18-03-2023,Electronics,647.56,25.29,2,7617.0,187
19-03-2023,Sports,414.65,42.04,2,9680.84,244
20-03-2023,Sports,35.13,36.64,2,4453.43,158
21-03-2023,Sports,164.59,27.11,1,2855.85,102
22-03-2023,Toys,718.81,29.52,3,8003.1,196
23-03-2023,Electronics,662.33,25.42,2,3329.91,102
24-03-2023,Toys,36.83,14.88,3,3063.9,136
25-03-2023,Toys,229.75,28.25,2,2401.81,102
26-03-2023,Electronics,238.76,34.44,3,1383.82,87
27-03-2023,Electronics,675.17,43.67,3,2638.98,94
28-03-2023,Electronics,29.51,31.81,2,3617.67,144
29-03-2023,Electronics,113.07,38.06,1,6772.54,197
30-03-2023,Sports,801.92,8.0,3,719.39,39
31-03-2023,Home Decor,186.76,23.08,1,2184.02,98
01-04-2023,Home Decor,656.22,0.47,1,8109.33,185
02-04-2023,Electronics,245.8,12.33,2,1554.53,87
03-04-2023,Home Decor,108.45,36.32,2,3492.19,131
04-04-2023,Home Decor,250.74,49.59,2,8660.12,233
05-04-2023,Electronics,725.04,4.96,3,1633.76,60
06-04-2023,Home Decor,857.14,20.07,2,919.09,34
07-04-2023,Toys,831.92,40.0,2,4896.93,129
08-04-2023,Fashion,403.21,10.2,3,3093.95,111
09-04-2023,Fashion,671.4,27.75,3,5677.74,153
10-04-2023,Electronics,212.93,36.65,2,8057.67,220
11-04-2023,Sports,300.22,30.8,2,1457.77,76
12-04-2023,Electronics,897.37,9.4,2,5848.92,132
13-04-2023,Sports,22.87,17.77,2,5104.54,164
14-04-2023,Fashion,94.65,39.19,1,1526.38,88
15-04-2023,Electronics,215.81,27.71,1,6277.59,177
16-04-2023,Toys,36.27,0.26,2,2809.04,116
17-04-2023,Home Decor,189.62,38.05,1,4929.56,164
18-04-2023,Sports,587.21,1.77,3,914.5,55
19-04-2023,Home Decor,427.21,37.29,1,4649.88,139
20-04-2023,Home Decor,893.74,10.12,1,3133.99,75
21-04-2023,Electronics,819.27,47.9,2,8241.57,188
22-04-2023,Home Decor,348.4,18.4,1,664.09,56
23-04-2023,Toys,266.83,16.35,1,4244.21,131
24-04-2023,Home Decor,385.9,7.44,1,4638.47,143
25-04-2023,Electronics,594.39,15.28,1,7277.56,174
26-04-2023,Toys,275.38,43.83,3,5785.45,181
27-04-2023,Fashion,627.91,49.82,2,6705.4,177
28-04-2023,Home Decor,415.32,18.42,2,7792.79,194
29-04-2023,Electronics,556.53,22.43,3,8635.81,222
30-04-2023,Fashion,441.77,36.1,1,3207.37,111
01-05-2023,Fashion,301.52,44.31,3,5426.42,175
02-05-2023,Sports,948.97,29.65,1,8417.07,180
03-05-2023,Toys,765.97,19.58,3,9895.57,237
04-05-2023,Home Decor,148.71,20.63,2,8906.24,229
05-05-2023,Electronics,869.78,34.78,2,3777.53,105
06-05-2023,Sports,492.56,0.16,2,2032.15,87
07-05-2023,Toys,895.61,30.98,1,4944.99,113
08-05-2023,Sports,801.86,17.77,1,7442.25,166
09-05-2023,Toys,430.96,39.71,3,4976.43,155
10-05-2023,Toys,32.24,4.65,3,4883.49,159
11-05-2023,Home Decor,275.99,29.41,2,8398.48,215
12-05-2023,Toys,546.22,24.05,1,3677.9,108
13-05-2023,Sports,637.14,32.12,3,8611.97,209
14-05-2023,Toys,265.31,3.24,1,4127.37,127
15-05-2023,Home Decor,147.96,29.0,1,3349.51,118
16-05-2023,Home Decor,836.58,28.07,2,4594.5,126
17-05-2023,Sports,984.56,28.03,2,7648.22,168
18-05-2023,Fashion,530.43,30.17,1,1347.42,62
19-05-2023,Fashion,179.96,33.82,1,2044.55,101
20-05-2023,Toys,279.58,40.25,1,9519.3,237
21-05-2023,Electronics,28.21,13.49,1,1837.37,95
22-05-2023,Toys,915.16,41.25,2,5720.5,147
23-05-2023,Sports,126.57,24.91,3,5835.21,174
24-05-2023,Sports,580.75,3.85,2,4947.28,131
25-05-2023,Sports,281.31,2.93,3,6482.98,182
26-05-2023,Sports,558.64,16.71,1,2375.28,83
27-05-2023,Sports,654.91,39.24,3,5571.36,149
28-05-2023,Home Decor,831.44,35.38,2,3784.52,98
29-05-2023,Fashion,214.36,39.43,2,6650.51,196
30-05-2023,Sports,20.89,25.86,1,1498.11,93
31-05-2023,Electronics,145.52,22.01,2,5751.69,175
01-06-2023,Electronics,901.02,7.37,1,1934.18,52
02-06-2023,Electronics,875.15,16.41,2,2858.57,74
03-06-2023,Electronics,601.44,21.7,2,2265.23,82
04-06-2023,Home Decor,604.51,4.43,1,1910.09,65
05-06-2023,Electronics,668.39,11.03,3,8274.54,196
06-06-2023,Sports,183.62,29.91,2,2928.5,127
07-06-2023,Toys,915.27,36.78,3,9278.53,218
08-06-2023,Electronics,424.58,49.92,2,9702.27,241
09-06-2023,Home Decor,389.31,46.66,2,5755.48,172
10-06-2023,Home Decor,523.73,32.13,2,1515.71,68
11-06-2023,Electronics,56.5,21.06,2,3808.03,143
12-06-2023,Toys,174.62,31.81,3,7997.55,231
13-06-2023,Electronics,740.65,39.28,3,3737.17,110
14-06-2023,Home Decor,91.97,5.92,2,961.47,81
15-06-2023,Fashion,607.12,20.5,2,5612.17,150
16-06-2023,Sports,252.9,41.99,3,8466.7,238
17-06-2023,Home Decor,395.4,19.19,1,7979.67,210
18-06-2023,Electronics,295.81,28.59,1,1833.72,84
19-06-2023,Sports,362.12,29.39,3,6760.37,187
20-06-2023,Electronics,721.86,9.22,2,2282.99,67
21-06-2023,Electronics,304.15,18.11,2,2260.25,91
22-06-2023,Fashion,570.74,16.73,1,8753.31,206
23-06-2023,Sports,481.29,1.31,1,2571.72,84
24-06-2023,Sports,667.03,1.21,3,2706.15,87
25-06-2023,Fashion,937.46,41.58,1,106.47,26
26-06-2023,Home Decor,735.25,13.65,3,8719.62,206
27-06-2023,Electronics,222.79,25.9,1,7946.69,217
28-06-2023,Toys,40.87,14.94,1,6310.56,182
29-06-2023,Electronics,269.64,47.03,1,7527.63,219
30-06-2023,Electronics,599.13,12.96,2,1605.28,69
01-07-2023,Home Decor,60.91,21.48,2,4637.4,151
02-07-2023,Electronics,501.4,43.64,2,3577.07,114
03-07-2023,Fashion,600.87,42.1,1,1028.39,60
04-07-2023,Fashion,340.9,9.31,3,4912.69,147
05-07-2023,Sports,773.2,40.13,3,9215.32,226
06-07-2023,Toys,115.53,22.91,3,496.59,78
07-07-2023,Electronics,84.39,24.15,3,2985.46,127
08-07-2023,Electronics,730.91,6.67,2,2154.66,64
09-07-2023,Home Decor,500.54,4.03,2,2457.65,77
10-07-2023,Fashion,691.52,36.4,1,9093.5,210
11-07-2023,Toys,440.48,24.82,1,4733.88,139
12-07-2023,Sports,253.94,21.84,3,4716.36,154
13-07-2023,Fashion,820.91,36.48,2,7629.7,176
14-07-2023,Sports,801.42,38.28,3,1629.47,69
15-07-2023,Home Decor,697.75,7.95,1,4923.93,122
16-07-2023,Home Decor,279.42,30.51,1,4356.85,132
17-07-2023,Electronics,594.33,6.77,3,6009.42,158
18-07-2023,Toys,367.36,37.57,1,9995.62,248
19-07-2023,Sports,100.67,32.85,3,7717.54,218
20-07-2023,Fashion,918.14,47.83,2,4038.87,111
21-07-2023,Home Decor,145.45,3.45,3,8292.78,227
22-07-2023,Electronics,950.73,2.85,2,1790.01,54
23-07-2023,Electronics,451.55,14.11,2,401.59,54
24-07-2023,Sports,193.28,13.09,1,2124.04,84
25-07-2023,Home Decor,546.48,12.35,1,3470.07,96
26-07-2023,Toys,874.22,45.31,1,5154.75,130
27-07-2023,Home Decor,734.9,12.48,3,6189.78,158
28-07-2023,Sports,808.5,13.6,3,9115.0,213
29-07-2023,Sports,662.2,37.97,1,5147.55,155
30-07-2023,Home Decor,695.35,22.49,3,5062.63,141
31-07-2023,Sports,850.7,38.84,1,597.41,41
01-08-2023,Home Decor,257.17,3.27,3,445.62,66
02-08-2023,Fashion,494.53,24.38,2,5556.48,156
03-08-2023,Home Decor,229.0,1.68,2,4437.97,136
04-08-2023,Home Decor,987.79,3.13,1,8407.89,178
05-08-2023,Sports,944.62,45.32,3,1690.73,61
06-08-2023,Sports,49.03,6.96,3,347.22,70
07-08-2023,Electronics,708.52,26.62,2,4545.48,121
08-08-2023,Electronics,926.0,20.55,2,2451.04,69
09-08-2023,Fashion,188.77,17.37,1,591.18,74
10-08-2023,Electronics,572.27,44.99,2,7273.52,181
11-08-2023,Home Decor,916.33,1.09,1,1204.77,37
12-08-2023,Sports,43.61,33.19,2,6122.36,182
13-08-2023,Electronics,700.45,48.17,2,2882.39,94
14-08-2023,Electronics,304.38,28.01,3,1817.61,99
15-08-2023,Fashion,925.15,46.84,2,3859.54,105
16-08-2023,Fashion,971.35,2.61,2,8034.31,167
17-08-2023,Home Decor,944.82,20.94,1,3981.73,90
18-08-2023,Sports,479.47,13.01,2,7532.62,193
19-08-2023,Fashion,863.42,36.54,1,1342.31,45
20-08-2023,Electronics,846.1,49.06,2,7750.44,188
21-08-2023,Sports,325.91,12.83,2,2445.64,96
22-08-2023,Sports,830.63,32.71,1,6806.19,156
23-08-2023,Electronics,46.64,9.9,3,5701.24,190
24-08-2023,Fashion,600.31,28.27,1,9298.53,222
25-08-2023,Electronics,237.71,23.2,1,3934.49,118
26-08-2023,Sports,129.36,48.6,1,755.04,79
27-08-2023,Toys,86.18,30.43,3,289.64,72
28-08-2023,Toys,699.33,17.48,2,8285.9,200
29-08-2023,Home Decor,346.48,5.7,1,5294.88,141
30-08-2023,Electronics,727.52,7.56,1,7774.92,175
31-08-2023,Electronics,74.7,11.27,3,2420.81,115
01-09-2023,Home Decor,322.14,12.55,1,3516.33,117
02-09-2023,Home Decor,544.1,42.53,2,398.03,47
03-09-2023,Home Decor,792.82,28.06,3,9618.77,224
04-09-2023,Sports,325.56,26.17,2,6711.89,183
05-09-2023,Electronics,629.63,5.74,2,9338.73,213
06-09-2023,Sports,887.12,43.01,3,2728.41,96
07-09-2023,Home Decor,619.7,36.14,1,6153.49,159
08-09-2023,Electronics,240.63,3.38,2,6817.15,179
09-09-2023,Sports,34.16,35.39,2,3243.74,138
10-09-2023,Sports,871.4,27.18,2,8496.28,205
11-09-2023,Home Decor,31.06,4.09,2,9476.9,254
12-09-2023,Electronics,875.95,22.92,3,8860.07,197
13-09-2023,Home Decor,533.65,24.23,3,7416.76,191
14-09-2023,Electronics,939.68,8.29,2,2846.9,78
15-09-2023,Toys,800.8,47.28,1,2888.0,83
16-09-2023,Fashion,997.95,42.5,2,9637.27,217
17-09-2023,Fashion,357.2,33.45,1,201.82,55
18-09-2023,Fashion,769.52,23.11,2,7188.89,167
19-09-2023,Home Decor,407.91,20.59,1,7091.84,182
20-09-2023,Toys,485.08,32.55,2,6264.63,154
21-09-2023,Electronics,631.23,27.27,1,9902.08,224
22-09-2023,Sports,874.94,3.11,2,3187.61,79
23-09-2023,Electronics,984.24,25.63,2,3465.72,81
24-09-2023,Sports,770.59,40.32,1,881.5,54
25-09-2023,Electronics,423.59,22.96,3,4483.7,133
26-09-2023,Toys,427.14,2.6,1,2684.38,85
27-09-2023,Sports,740.21,39.31,3,3499.53,110
28-09-2023,Home Decor,246.39,10.07,2,8362.26,225
29-09-2023,Electronics,119.37,12.93,1,9361.3,232
30-09-2023,Electronics,361.08,8.24,1,1938.76,84
01-10-2023,Sports,294.37,16.51,1,3787.84,121
02-10-2023,Home Decor,303.35,37.84,3,9293.44,242
03-10-2023,Home Decor,241.27,25.97,3,711.9,77
04-10-2023,Toys,51.67,10.24,2,1014.37,81
05-10-2023,Home Decor,27.7,43.89,3,1711.63,108
06-10-2023,Home Decor,987.85,43.98,3,5992.61,149
07-10-2023,Home Decor,433.5,43.53,2,1589.68,81
08-10-2023,Fashion,390.48,11.94,1,9683.96,233
09-10-2023,Toys,682.85,22.56,1,4522.47,121
10-10-2023,Electronics,226.07,49.25,2,5065.03,172
11-10-2023,Sports,950.46,38.6,1,2541.92,63
12-10-2023,Electronics,788.48,1.36,3,4762.51,131
13-10-2023,Toys,98.52,3.26,2,6652.94,179
14-10-2023,Sports,423.4,23.2,2,7536.65,195
15-10-2023,Toys,880.33,45.46,2,7563.29,183
16-10-2023,Home Decor,945.28,26.94,1,5821.12,133
17-10-2023,Sports,472.73,24.89,2,9053.16,221
18-10-2023,Home Decor,617.28,5.27,2,8192.34,193
19-10-2023,Electronics,175.36,32.84,2,7594.78,210
20-10-2023,Electronics,991.26,41.11,1,650.49,27
21-10-2023,Sports,239.35,19.02,3,168.09,66
22-10-2023,Sports,943.3,38.78,2,2203.23,70
23-10-2023,Toys,653.15,48.22,3,6668.88,176
24-10-2023,Toys,611.66,10.19,1,4170.86,115
25-10-2023,Home Decor,517.56,26.17,1,4083.82,120
26-10-2023,Sports,238.36,14.36,1,8857.41,228
27-10-2023,Electronics,184.76,39.64,1,8966.07,240
28-10-2023,Toys,228.28,28.88,3,9100.84,240
29-10-2023,Toys,194.57,31.73,2,3207.39,121
30-10-2023,Electronics,781.79,39.9,1,6941.45,170
31-10-2023,Toys,356.62,19.8,1,2789.17,101
01-11-2023,Home Decor,67.26,45.75,3,1987.04,114
02-11-2023,Sports,969.41,26.65,3,1927.86,63
03-11-2023,Electronics,884.95,7.9,1,3486.87,89
04-11-2023,Sports,928.47,34.79,2,4356.58,108
05-11-2023,Toys,994.96,39.66,2,8326.4,191
06-11-2023,Toys,182.16,15.84,1,1286.92,75
07-11-2023,Electronics,402.28,42.86,3,7375.77,204
08-11-2023,Home Decor,760.66,45.31,1,5361.4,143
09-11-2023,Fashion,699.06,13.85,1,2950.66,87
10-11-2023,Electronics,162.36,49.18,3,4978.91,175
11-11-2023,Fashion,817.67,7.04,1,3069.43,84
12-11-2023,Fashion,232.2,10.1,1,6001.21,166
13-11-2023,Home Decor,231.58,9.21,1,4395.05,137
14-11-2023,Fashion,541.6,44.7,3,1727.61,84
15-11-2023,Fashion,597.01,32.71,2,1254.17,66
16-11-2023,Home Decor,584.29,7.61,2,5512.29,142
17-11-2023,Fashion,100.57,22.02,3,9033.89,247
18-11-2023,Fashion,878.69,30.76,2,3505.18,98
19-11-2023,Fashion,272.94,4.17,1,7356.7,185
20-11-2023,Electronics,138.22,44.12,2,6620.75,209
21-11-2023,Electronics,889.86,40.18,1,9322.39,203
22-11-2023,Electronics,956.09,25.26,2,8227.71,178
23-11-2023,Home Decor,863.51,48.36,3,5709.39,156
24-11-2023,Toys,811.42,20.89,2,6604.6,161
25-11-2023,Fashion,658.69,49.21,2,8994.03,224
26-11-2023,Fashion,555.35,33.4,2,4055.24,126
27-11-2023,Home Decor,96.12,31.73,3,3335.27,136
28-11-2023,Fashion,414.37,8.3,2,207.03,41
29-11-2023,Electronics,378.96,44.1,3,8282.86,225
30-11-2023,Toys,267.16,21.37,1,8029.71,205
01-12-2023,Sports,726.19,8.11,2,1134.1,53
02-12-2023,Fashion,500.92,0.63,3,5810.89,155
03-12-2023,Electronics,90.24,27.99,3,4693.42,158
04-12-2023,Sports,227.98,26.37,2,1275.22,80
05-12-2023,Toys,686.43,35.97,1,9807.63,229
06-12-2023,Sports,85.37,44.51,3,2225.49,115
07-12-2023,Electronics,852.69,3.97,2,765.62,29
08-12-2023,Sports,500.2,36.57,1,5988.99,161
09-12-2023,Home Decor,485.78,9.37,3,7414.78,193
10-12-2023,Sports,596.48,42.91,3,421.19,53
11-12-2023,Fashion,826.43,40.95,1,6621.3,156
12-12-2023,Fashion,354.33,27.04,1,5369.69,153
13-12-2023,Home Decor,681.24,35.51,2,1122.32,51
14-12-2023,Electronics,570.07,15.72,2,1807.99,65
15-12-2023,Fashion,274.36,23.56,3,5722.95,169
16-12-2023,Toys,879.84,41.08,1,3033.94,82
17-12-2023,Fashion,799.45,22.96,1,9389.33,211
18-12-2023,Fashion,661.87,17.89,1,8205.53,198
19-12-2023,Electronics,852.08,24.71,3,9837.32,230
20-12-2023,Sports,868.62,41.41,1,2670.74,76
21-12-2023,Fashion,711.28,16.76,1,9700.26,218
22-12-2023,Home Decor,838.64,8.69,3,4369.22,108
23-12-2023,Sports,700.5,35.6,2,3540.44,106
24-12-2023,Toys,683.34,41.3,2,598.46,48
25-12-2023,Electronics,622.43,5.03,3,622.38,49
26-12-2023,Toys,755.19,11.99,1,6950.91,155
27-12-2023,Sports,167.02,7.1,3,4633.5,154
28-12-2023,Sports,882.06,17.4,2,2342.56,75
29-12-2023,Sports,873.13,22.52,2,6178.31,146
30-12-2023,Toys,38.95,37.44,3,2603.3,128
31-12-2023,Sports,827.56,32.56,3,5818.55,153
01-01-2024,Toys,137.58,31.05,2,3656.17,133
02-01-2024,Sports,341.77,17.62,3,8253.17,219
03-01-2024,Home Decor,746.07,42.07,2,8224.89,199
04-01-2024,Sports,169.15,23.56,3,4825.77,160
05-01-2024,Toys,819.79,48.96,3,3573.11,106
06-01-2024,Fashion,833.81,31.71,3,3689.34,106
07-01-2024,Sports,512.39,6.31,2,8076.57,200
08-01-2024,Fashion,16.32,33.81,3,3348.98,148
09-01-2024,Home Decor,294.17,16.26,2,2169.69,98
10-01-2024,Electronics,620.76,34.32,2,938.41,68
11-01-2024,Home Decor,981.37,3.48,3,4720.26,107
12-01-2024,Sports,635.5,8.74,3,4873.11,137
13-01-2024,Fashion,267.21,42.79,2,8425.0,228
14-01-2024,Fashion,637.67,11.36,2,2290.26,88
15-01-2024,Toys,544.59,41.85,1,3871.81,113
16-01-2024,Fashion,782.05,13.96,2,8103.22,182
17-01-2024,Toys,115.91,32.14,1,8253.87,220
18-01-2024,Electronics,763.42,34.71,1,3907.65,94
19-01-2024,Sports,545.85,25.63,1,4645.33,125
20-01-2024,Toys,963.36,15.27,3,3102.53,79
21-01-2024,Electronics,348.45,10.63,3,9332.29,238
22-01-2024,Fashion,636.3,1.66,2,1274.57,55
23-01-2024,Fashion,932.71,15.2,1,9344.12,209
24-01-2024,Electronics,111.48,32.66,3,6870.28,211
25-01-2024,Fashion,937.86,46.92,3,5362.56,136
26-01-2024,Electronics,691.01,43.56,3,423.32,47
27-01-2024,Toys,77.16,38.3,3,4808.4,171
28-01-2024,Toys,307.95,39.42,3,4136.71,137
29-01-2024,Electronics,711.09,33.25,1,1696.07,72
30-01-2024,Toys,76.68,13.01,1,6598.46,192
31-01-2024,Toys,586.35,45.36,1,9714.39,231
01-02-2024,Toys,352.42,33.54,1,5665.67,152
02-02-2024,Home Decor,624.71,28.02,2,7176.06,187
03-02-2024,Sports,55.28,5.55,1,777.66,68
04-02-2024,Fashion,872.82,22.35,3,4234.9,118
05-02-2024,Home Decor,973.75,23.02,1,1251.95,30
06-02-2024,Toys,969.19,43.23,2,6166.68,144
07-02-2024,Electronics,752.16,27.33,3,9390.97,223
08-02-2024,Toys,138.79,19.02,1,6651.6,187
09-02-2024,Sports,760.68,48.84,1,860.35,46
10-02-2024,Toys,34.34,5.54,1,3611.2,130
11-02-2024,Electronics,31.9,21.13,3,5551.57,175
12-02-2024,Sports,330.37,2.1,3,4091.76,130
13-02-2024,Toys,493.76,37.0,2,8353.08,214
14-02-2024,Sports,772.7,45.9,3,8165.24,206
15-02-2024,Fashion,686.46,14.0,3,6157.13,161
16-02-2024,Fashion,451.44,42.92,1,3797.23,115
17-02-2024,Toys,280.89,14.61,3,2627.83,100
18-02-2024,Sports,997.15,45.54,1,1148.16,48
19-02-2024,Electronics,431.92,37.7,1,3613.49,118
20-02-2024,Toys,456.87,40.25,3,4190.41,134
21-02-2024,Fashion,171.99,0.9,2,6790.65,195
22-02-2024,Fashion,796.86,48.14,2,6615.78,167
23-02-2024,Toys,696.75,36.33,3,794.07,62
24-02-2024,Sports,228.56,15.24,2,4013.07,133
25-02-2024,Fashion,91.56,41.47,1,1899.61,111
26-02-2024,Sports,683.69,14.08,1,1652.45,66
27-02-2024,Fashion,657.97,43.64,3,8290.29,209
28-02-2024,Fashion,280.53,5.63,2,514.96,62
29-02-2024,Home Decor,951.35,35.18,2,4249.91,111
01-03-2024,Fashion,159.55,27.03,1,1765.22,97
02-03-2024,Electronics,438.01,4.83,3,8805.37,215
03-03-2024,Toys,944.18,12.09,2,5614.7,132
04-03-2024,Toys,425.53,0.62,3,2390.67,97
05-03-2024,Sports,642.14,23.44,2,5074.03,127
06-03-2024,Fashion,403.62,15.06,1,7341.71,180
07-03-2024,Electronics,281.47,29.92,1,9585.37,231
08-03-2024,Sports,984.14,14.86,3,2282.42,64
09-03-2024,Home Decor,415.24,15.0,1,8873.2,219
10-03-2024,Sports,895.16,37.16,2,9349.61,220
11-03-2024,Sports,237.66,2.41,1,9172.56,227
12-03-2024,Fashion,220.97,45.14,3,6390.6,203
13-03-2024,Home Decor,40.82,42.61,3,6335.22,195
14-03-2024,Sports,655.15,33.39,3,4091.79,115
15-03-2024,Electronics,374.84,29.66,2,7548.74,200
16-03-2024,Electronics,865.71,44.62,2,5359.81,139
17-03-2024,Toys,478.48,9.27,2,6806.64,174
18-03-2024,Home Decor,968.51,3.95,2,4341.73,89
19-03-2024,Home Decor,193.67,11.98,2,7341.81,200
20-03-2024,Toys,869.94,39.73,1,8262.27,182
21-03-2024,Sports,778.83,1.73,2,1549.72,55
22-03-2024,Home Decor,773.21,29.14,2,8346.0,198
23-03-2024,Electronics,846.34,49.77,1,5448.94,131
24-03-2024,Electronics,763.41,42.78,2,8462.19,201
25-03-2024,Fashion,629.96,26.07,3,4369.89,123
26-03-2024,Home Decor,139.93,3.18,2,3852.5,130
27-03-2024,Sports,42.2,41.57,2,9159.1,258
28-03-2024,Toys,921.64,29.95,3,2586.58,74
29-03-2024,Toys,620.48,5.75,3,8457.7,207
30-03-2024,Sports,798.57,4.69,3,4891.8,121
31-03-2024,Fashion,486.71,45.48,3,5189.54,154
01-04-2024,Toys,126.14,33.46,2,3153.84,126
02-04-2024,Home Decor,133.93,41.46,3,5773.12,181
03-04-2024,Fashion,688.71,43.95,3,3319.59,107
04-04-2024,Home Decor,436.0,28.59,1,488.77,45
05-04-2024,Electronics,208.52,25.87,3,2792.79,128
06-04-2024,Fashion,496.68,21.52,3,163.15,50
07-04-2024,Toys,73.57,15.85,1,9785.71,248
08-04-2024,Fashion,586.15,21.73,1,9660.9,226
09-04-2024,Fashion,276.3,38.69,2,4012.04,137
10-04-2024,Fashion,799.58,30.1,1,7310.87,169
11-04-2024,Fashion,317.26,44.63,2,3523.48,131
12-04-2024,Home Decor,460.67,22.17,1,6743.82,177
13-04-2024,Electronics,21.5,30.35,1,8073.76,221
14-04-2024,Sports,81.72,31.57,2,9472.89,251
15-04-2024,Fashion,398.57,29.58,1,4062.1,123
16-04-2024,Toys,485.14,35.13,2,7854.65,191
17-04-2024,Fashion,604.02,11.87,1,2732.69,75
18-04-2024,Toys,298.75,25.62,3,9904.29,262
19-04-2024,Home Decor,698.03,5.21,1,355.12,36
20-04-2024,Toys,861.52,19.23,2,6074.94,142
21-04-2024,Sports,782.05,24.38,1,6629.11,158
22-04-2024,Electronics,49.22,32.61,2,6911.65,207
23-04-2024,Toys,485.7,47.53,2,1291.84,91
24-04-2024,Toys,113.88,30.03,3,9391.44,261
25-04-2024,Electronics,249.62,37.18,3,1893.71,100
26-04-2024,Sports,986.8,25.31,2,6265.26,138
27-04-2024,Fashion,151.07,31.71,1,2304.49,95
28-04-2024,Toys,503.9,3.55,2,3141.44,99
29-04-2024,Electronics,621.97,12.72,2,5509.94,139
30-04-2024,Home Decor,705.44,18.09,1,4230.21,102
01-05-2024,Electronics,564.05,23.62,1,1686.23,64
02-05-2024,Home Decor,19.67,2.28,1,1792.27,85
03-05-2024,Sports,333.2,7.0,1,4239.63,133
04-05-2024,Fashion,522.53,13.84,2,7597.1,194
05-05-2024,Electronics,96.99,48.58,2,8989.85,249
06-05-2024,Toys,357.12,16.57,3,932.86,78
07-05-2024,Sports,42.87,24.1,2,3991.73,145
08-05-2024,Electronics,87.79,9.8,1,1092.43,71
09-05-2024,Toys,402.95,30.54,3,264.27,66
10-05-2024,Electronics,141.39,14.03,1,6651.01,187
11-05-2024,Home Decor,571.87,10.35,2,6064.25,150
12-05-2024,Electronics,692.57,25.83,3,1713.89,71
13-05-2024,Electronics,802.58,0.28,1,2414.75,58
14-05-2024,Electronics,208.15,0.38,3,334.71,54
15-05-2024,Sports,175.81,10.95,3,8365.98,231
16-05-2024,Electronics,113.52,1.84,2,9749.44,259
17-05-2024,Toys,640.07,5.4,1,1441.05,46
18-05-2024,Home Decor,709.41,16.94,3,2391.6,85
19-05-2024,Home Decor,41.27,40.13,3,8697.25,245
20-05-2024,Electronics,936.85,28.6,1,9271.99,199
21-05-2024,Sports,61.45,25.63,3,4254.31,151
22-05-2024,Sports,545.88,14.67,3,601.16,49
23-05-2024,Toys,711.97,46.59,3,489.98,53
24-05-2024,Electronics,872.26,19.85,1,5782.1,128
25-05-2024,Home Decor,716.95,4.35,1,3989.66,101
26-05-2024,Sports,803.71,30.85,1,383.66,31
27-05-2024,Electronics,346.06,5.69,1,5874.2,155
28-05-2024,Sports,816.68,17.26,2,211.9,24
29-05-2024,Sports,89.31,25.37,3,7894.98,223
30-05-2024,Home Decor,895.87,43.71,1,3133.68,89
31-05-2024,Fashion,552.12,24.68,3,498.55,57
01-06-2024,Toys,819.12,35.11,3,5924.69,148
02-06-2024,Toys,457.8,49.64,2,4037.08,133
03-06-2024,Home Decor,647.14,6.57,1,9740.62,223
04-06-2024,Sports,531.14,13.74,1,5487.57,133
05-06-2024,Electronics,734.27,19.73,3,2824.87,93
06-06-2024,Sports,90.81,21.09,1,7123.44,195
07-06-2024,Home Decor,69.75,20.55,3,2787.77,126
08-06-2024,Toys,254.63,45.38,3,9052.01,243
09-06-2024,Sports,167.95,35.7,2,3809.75,129
10-06-2024,Toys,873.07,30.4,2,5543.7,128
11-06-2024,Electronics,227.02,15.47,2,600.67,65
12-06-2024,Toys,976.11,41.19,3,4318.6,116
13-06-2024,Toys,343.53,47.75,1,8340.4,214
14-06-2024,Fashion,190.3,41.06,2,8075.92,227
15-06-2024,Fashion,791.8,0.08,1,2320.75,53
16-06-2024,Fashion,662.12,31.82,2,2338.18,82
17-06-2024,Toys,503.21,2.56,2,8191.32,193
18-06-2024,Home Decor,559.81,12.88,3,9310.94,223
19-06-2024,Toys,722.01,2.98,2,1044.07,45
20-06-2024,Home Decor,236.17,30.19,2,4555.58,144
21-06-2024,Home Decor,996.37,34.33,3,3440.8,92
22-06-2024,Fashion,975.05,5.72,1,8719.82,187
23-06-2024,Sports,653.82,19.19,2,926.9,48
24-06-2024,Electronics,207.55,22.81,3,2190.15,109
25-06-2024,Fashion,683.43,18.45,2,7549.44,176
26-06-2024,Fashion,81.48,6.05,3,607.81,77
27-06-2024,Sports,40.35,20.95,1,4976.1,165
28-06-2024,Electronics,265.11,37.56,1,4476.86,130
29-06-2024,Toys,468.0,3.55,3,3410.57,106
30-06-2024,Toys,869.59,4.01,3,4006.27,105
01-07-2024,Fashion,729.9,17.74,3,5346.41,139
02-07-2024,Electronics,745.28,47.09,1,1697.54,67
03-07-2024,Fashion,431.24,33.43,2,5762.76,160
04-07-2024,Home Decor,352.48,33.93,1,8073.78,209
05-07-2024,Fashion,377.33,18.1,3,7625.59,203
06-07-2024,Fashion,987.77,29.68,3,1623.61,62
07-07-2024,Toys,49.71,0.51,1,1577.57,85
08-07-2024,Toys,868.36,31.8,3,2754.93,87
09-07-2024,Toys,582.89,45.66,1,3674.64,110
10-07-2024,Home Decor,444.23,30.63,3,4143.71,132
11-07-2024,Toys,728.01,43.68,2,6829.0,171
12-07-2024,Electronics,491.8,36.2,2,661.14,61
13-07-2024,Sports,874.69,6.03,3,443.26,29
14-07-2024,Electronics,901.69,45.12,1,3979.91,104
15-07-2024,Electronics,427.5,3.32,2,7001.92,190
16-07-2024,Toys,284.06,26.7,1,2015.01,93
17-07-2024,Sports,596.43,7.11,3,6450.89,164
18-07-2024,Sports,913.24,0.59,1,2672.3,68
19-07-2024,Sports,218.56,21.1,2,8872.25,230
20-07-2024,Home Decor,626.74,14.75,1,8967.33,197
21-07-2024,Toys,635.24,24.3,1,3043.14,86
22-07-2024,Sports,735.78,28.86,3,2376.94,75
23-07-2024,Home Decor,140.25,2.19,3,4171.91,140
24-07-2024,Fashion,718.67,6.15,3,2481.26,80
25-07-2024,Fashion,909.94,27.93,2,6756.6,166
26-07-2024,Home Decor,187.89,17.16,2,8278.04,222
27-07-2024,Home Decor,245.17,36.46,3,6763.61,197
28-07-2024,Toys,971.68,32.61,3,8261.07,195
29-07-2024,Toys,189.17,42.28,2,4030.22,132
30-07-2024,Fashion,855.84,34.62,2,1647.54,61
31-07-2024,Sports,497.36,21.5,2,7405.71,193
01-08-2024,Fashion,254.76,33.65,2,3668.7,123
02-08-2024,Sports,872.04,13.77,3,6745.58,166
03-08-2024,Sports,450.85,15.32,2,2779.38,99
04-08-2024,Toys,519.67,39.45,3,904.17,66
05-08-2024,Electronics,365.64,22.32,1,9926.56,245
06-08-2024,Electronics,597.02,39.92,1,1646.39,81
07-08-2024,Home Decor,171.89,41.12,2,9885.37,262
08-08-2024,Toys,397.17,42.88,1,9775.07,244
09-08-2024,Sports,969.72,45.83,1,7958.8,177
10-08-2024,Electronics,265.55,21.55,1,6628.29,176
11-08-2024,Sports,660.17,15.94,2,5820.29,152
12-08-2024,Electronics,331.94,29.11,2,8674.41,221
13-08-2024,Electronics,775.74,18.56,1,2965.45,81
14-08-2024,Electronics,139.56,30.05,3,4730.04,159
15-08-2024,Toys,970.12,35.28,1,6231.96,144
16-08-2024,Fashion,459.25,34.42,2,4170.79,132
17-08-2024,Sports,243.69,18.73,2,4332.12,145
18-08-2024,Toys,82.76,8.34,2,3369.82,123
19-08-2024,Toys,178.06,21.53,1,5685.89,164
20-08-2024,Toys,524.58,7.13,3,8520.69,206
21-08-2024,Toys,343.63,44.5,2,2095.13,95
22-08-2024,Toys,830.59,17.29,2,9350.89,212
23-08-2024,Home Decor,436.58,7.72,1,6921.97,177
24-08-2024,Sports,256.23,1.27,3,8250.4,212
25-08-2024,Toys,620.97,32.29,1,5606.29,150
26-08-2024,Sports,709.71,31.85,2,7817.22,197
27-08-2024,Home Decor,175.37,17.03,3,260.38,68
28-08-2024,Home Decor,175.94,3.59,3,8201.97,230
29-08-2024,Sports,46.3,20.48,2,497.37,69
30-08-2024,Electronics,739.04,15.56,3,8910.14,204
31-08-2024,Fashion,667.17,33.86,3,9920.43,231
01-09-2024,Electronics,479.88,30.29,1,3011.27,107
02-09-2024,Electronics,845.73,18.23,2,2182.15,70
03-09-2024,Electronics,807.61,10.89,2,7677.1,176
04-09-2024,Toys,589.5,49.4,2,2604.96,98
05-09-2024,Home Decor,869.59,22.7,2,8669.07,191
06-09-2024,Electronics,213.78,34.41,2,1118.14,94
07-09-2024,Home Decor,120.8,7.03,3,1346.96,88
08-09-2024,Sports,277.05,24.28,1,9793.6,244
09-09-2024,Fashion,66.52,1.38,2,6771.01,196
10-09-2024,Sports,535.86,25.27,1,8484.18,207
11-09-2024,Sports,937.24,48.2,1,3310.86,89
12-09-2024,Toys,48.95,19.21,3,6797.19,200
13-09-2024,Fashion,130.89,1.95,2,5982.99,176
14-09-2024,Sports,457.68,1.55,3,6071.19,173
15-09-2024,Sports,934.54,19.4,2,6857.07,162
16-09-2024,Fashion,322.99,8.0,3,5796.06,175
17-09-2024,Fashion,512.16,1.17,1,4347.72,114
18-09-2024,Sports,51.16,37.81,2,2831.63,120
19-09-2024,Fashion,156.86,22.93,1,7708.96,207
20-09-2024,Sports,986.76,14.46,1,2340.1,57
21-09-2024,Sports,965.47,45.0,3,6954.31,174
22-09-2024,Toys,14.89,5.81,2,2409.99,100
23-09-2024,Electronics,952.29,47.8,1,6290.77,155
24-09-2024,Sports,642.73,15.7,3,7496.07,186
25-09-2024,Home Decor,869.24,44.42,2,2265.27,73
26-09-2024,Electronics,460.19,30.15,2,693.44,54
27-09-2024,Electronics,520.44,41.34,1,1396.64,61
28-09-2024,Electronics,493.96,49.2,2,6099.37,176
29-09-2024,Toys,670.2,14.42,1,8509.52,196
30-09-2024,Sports,148.25,48.06,2,545.47,71
01-10-2024,Toys,39.67,19.47,3,7368.1,209
02-10-2024,Sports,314.85,19.28,1,3479.05,112
03-10-2024,Toys,707.63,17.02,1,4837.43,129
04-10-2024,Toys,209.83,27.07,2,9295.71,242
05-10-2024,Home Decor,676.7,7.71,2,3386.52,88
06-10-2024,Toys,970.21,27.69,1,4706.84,107
07-10-2024,Fashion,102.96,27.09,2,235.46,66
08-10-2024,Home Decor,675.88,38.1,3,907.83,47
09-10-2024,Toys,449.31,41.68,2,2660.06,102
10-10-2024,Electronics,869.46,22.02,3,375.74,34
11-10-2024,Fashion,185.38,15.12,3,6350.62,190
12-10-2024,Fashion,695.7,12.97,3,4321.34,129
13-10-2024,Fashion,839.73,9.73,3,5526.64,142
14-10-2024,Home Decor,945.17,2.88,3,1829.01,53
15-10-2024,Toys,686.42,17.12,2,3029.73,85
16-10-2024,Toys,502.2,13.51,3,6671.86,190
17-10-2024,Electronics,621.67,48.32,2,9656.5,236
18-10-2024,Electronics,870.22,27.89,3,599.13,41
19-10-2024,Fashion,574.9,17.36,1,8914.8,209
20-10-2024,Electronics,40.08,29.02,3,5811.12,188
21-10-2024,Home Decor,931.64,6.96,1,5682.8,123
22-10-2024,Toys,692.63,22.2,3,5052.76,135
23-10-2024,Fashion,679.75,31.31,3,787.0,53
24-10-2024,Electronics,223.52,24.44,3,989.78,80
25-10-2024,Home Decor,662.3,20.09,1,6049.03,146
26-10-2024,Home Decor,399.93,49.69,1,3475.49,115
27-10-2024,Electronics,654.72,44.02,3,9180.95,229
28-10-2024,Toys,115.53,31.17,2,4125.25,144
29-10-2024,Electronics,661.27,28.47,3,1518.49,78
30-10-2024,Fashion,999.42,31.03,1,7175.72,144
31-10-2024,Electronics,57.73,10.07,3,3004.2,130
01-11-2024,Home Decor,977.4,19.76,1,5302.16,124
02-11-2024,Electronics,412.84,1.97,1,7008.54,164
03-11-2024,Toys,872.05,23.78,1,9012.61,197
04-11-2024,Sports,784.56,27.15,3,7942.69,190
05-11-2024,Electronics,571.35,11.39,1,6795.97,158
06-11-2024,Toys,741.06,48.2,1,6828.37,165
07-11-2024,Toys,879.73,45.47,3,9464.65,218
08-11-2024,Home Decor,410.1,36.11,1,3028.66,114
09-11-2024,Toys,333.76,26.67,3,111.01,63
10-11-2024,Toys,670.92,43.5,1,2792.35,96
11-11-2024,Toys,809.77,6.53,2,2257.12,70
12-11-2024,Toys,764.66,39.53,2,6652.16,161
13-11-2024,Fashion,799.84,6.24,1,6373.74,141
14-11-2024,Fashion,441.23,39.71,2,5975.27,171
15-11-2024,Home Decor,819.66,13.79,3,260.81,27
16-11-2024,Electronics,129.01,43.85,2,7314.9,216
17-11-2024,Toys,549.04,47.2,1,3302.95,106
18-11-2024,Electronics,15.7,7.44,1,6684.05,188
19-11-2024,Electronics,331.34,23.13,3,5610.13,171
20-11-2024,Home Decor,372.8,49.05,1,3493.04,123
21-11-2024,Toys,402.21,24.17,3,1432.31,78
22-11-2024,Toys,698.51,43.18,2,1034.75,64
23-11-2024,Sports,394.67,29.44,2,8332.03,210
24-11-2024,Electronics,454.21,18.77,3,9192.14,234
25-11-2024,Electronics,245.17,14.29,3,6532.9,190
26-11-2024,Fashion,379.52,10.16,1,1124.0,60
27-11-2024,Sports,235.0,38.09,2,4080.07,142
28-11-2024,Fashion,82.46,19.33,3,7316.5,206
29-11-2024,Fashion,607.41,25.56,2,7820.23,198
30-11-2024,Fashion,671.53,24.62,3,1270.36,63
01-12-2024,Home Decor,623.3,28.86,2,100.3,36
02-12-2024,Home Decor,468.86,43.28,1,7150.16,192
03-12-2024,Fashion,385.99,49.04,2,3630.3,124
04-12-2024,Sports,864.7,20.38,2,2619.37,68
05-12-2024,Electronics,523.89,41.38,2,227.68,42
06-12-2024,Sports,484.39,38.23,2,5448.96,159
07-12-2024,Toys,35.39,28.68,2,8526.39,230
08-12-2024,Home Decor,347.84,47.8,1,9580.55,252
09-12-2024,Electronics,386.39,10.02,3,5700.88,152
10-12-2024,Electronics,404.83,5.46,2,5193.17,153
11-12-2024,Toys,584.37,42.7,1,942.06,58
12-12-2024,Toys,538.27,21.96,2,5533.84,149
13-12-2024,Fashion,611.83,42.35,2,3861.79,116
14-12-2024,Home Decor,767.23,44.65,3,6110.64,164
15-12-2024,Home Decor,814.86,3.12,2,3948.39,98
16-12-2024,Sports,720.94,44.17,1,2478.96,87
17-12-2024,Fashion,955.97,22.42,1,1040.16,35
18-12-2024,Fashion,28.05,25.52,3,3217.69,136
19-12-2024,Fashion,203.82,31.33,2,1056.78,78
20-12-2024,Fashion,17.49,46.32,1,1851.28,104
21-12-2024,Home Decor,651.0,0.96,2,9874.63,226
22-12-2024,Home Decor,899.05,23.84,2,4496.63,103
23-12-2024,Fashion,251.05,34.39,2,5365.53,158
24-12-2024,Sports,927.76,36.14,3,8748.82,208
25-12-2024,Electronics,69.66,34.63,2,9956.13,266
26-12-2024,Electronics,935.09,6.72,1,5868.87,126
27-12-2024,Sports,358.11,14.97,2,8143.49,209
28-12-2024,Fashion,110.41,17.94,1,3336.72,123
29-12-2024,Home Decor,491.01,40.22,2,3126.87,107
30-12-2024,Electronics,264.21,13.94,1,4086.77,123
31-12-2024,Toys,292.02,10.54,1,6757.82,179
01-01-2025,Toys,314.22,47.87,2,6853.7,190
02-01-2025,Sports,805.0,0.44,2,3220.87,86
03-01-2025,Fashion,543.77,49.89,1,1418.78,62
04-01-2025,Electronics,318.19,33.84,3,6360.72,191
05-01-2025,Fashion,614.23,41.42,2,1370.43,71
06-01-2025,Electronics,718.99,14.73,3,5827.08,151
07-01-2025,Sports,279.9,0.72,2,6964.88,190
08-01-2025,Sports,419.41,36.89,2,7036.05,199
09-01-2025,Toys,130.67,41.71,2,7559.37,222
10-01-2025,Fashion,189.34,37.02,2,8741.31,227
11-01-2025,Toys,684.31,7.14,3,5049.59,127
12-01-2025,Fashion,189.62,37.67,2,7329.47,205
13-01-2025,Toys,529.91,38.45,1,6229.81,164
14-01-2025,Home Decor,711.96,32.93,1,1947.74,70
15-01-2025,Home Decor,115.81,38.31,3,354.33,74
16-01-2025,Home Decor,571.64,42.3,2,2916.96,103
17-01-2025,Home Decor,264.0,30.68,1,4486.03,136
18-01-2025,Electronics,963.3,4.43,3,6209.35,139
19-01-2025,Home Decor,488.71,24.38,2,8514.6,206
20-01-2025,Sports,807.93,3.88,1,2042.83,52
21-01-2025,Sports,554.72,20.38,1,1342.94,53
22-01-2025,Electronics,52.98,20.36,3,9638.45,256
23-01-2025,Home Decor,636.82,3.3,2,1169.64,57
24-01-2025,Home Decor,951.89,17.44,2,4837.06,109
25-01-2025,Home Decor,605.6,5.55,1,5897.08,157
26-01-2025,Toys,821.0,40.41,1,5459.61,137
27-01-2025,Fashion,885.36,47.38,1,951.72,44
28-01-2025,Toys,235.8,3.62,2,664.57,58
29-01-2025,Fashion,219.92,47.76,3,1144.29,94
30-01-2025,Home Decor,614.87,26.13,3,5897.32,157
31-01-2025,Home Decor,416.92,14.98,2,5489.01,154
01-02-2025,Toys,841.46,3.84,3,2414.03,85
02-02-2025,Toys,901.02,25.03,1,6413.96,145
03-02-2025,Fashion,359.89,39.73,3,8218.67,229
04-02-2025,Sports,244.5,35.35,3,511.63,70
05-02-2025,Fashion,782.72,2.51,3,5031.49,127
06-02-2025,Toys,282.06,3.65,1,6924.17,189
07-02-2025,Toys,824.39,20.14,2,2597.89,73
08-02-2025,Electronics,429.5,14.76,1,3146.93,109
09-02-2025,Toys,670.87,11.62,2,6175.02,156
10-02-2025,Electronics,104.58,14.05,2,8989.56,235
11-02-2025,Sports,627.62,40.17,2,8118.25,206
12-02-2025,Fashion,457.25,46.46,3,5872.99,178
13-02-2025,Fashion,590.74,20.26,3,7329.2,191
14-02-2025,Electronics,176.33,45.31,2,3711.74,131
15-02-2025,Fashion,739.51,16.07,2,6445.56,153
16-02-2025,Toys,864.17,23.82,3,4715.2,122
17-02-2025,Home Decor,224.57,11.3,1,1980.37,86
18-02-2025,Electronics,104.76,32.02,2,7047.21,208
19-02-2025,Fashion,33.4,48.95,1,5609.0,181
20-02-2025,Electronics,645.55,30.17,3,3650.35,108
21-02-2025,Electronics,611.02,17.89,2,9122.26,219
22-02-2025,Home Decor,551.23,32.39,1,307.25,46
23-02-2025,Toys,239.63,6.15,1,3226.15,112
24-02-2025,Electronics,397.0,44.43,1,663.13,67
25-02-2025,Fashion,598.53,25.15,3,7688.62,200
26-02-2025,Sports,501.8,22.47,3,7050.86,189
27-02-2025,Electronics,987.91,29.29,1,3380.39,81
28-02-2025,Electronics,145.08,31.24,1,6789.06,184
01-03-2025,Home Decor,698.19,3.59,3,4019.78,113
02-03-2025,Toys,410.28,34.13,1,7586.91,197
03-03-2025,Sports,433.92,12.1,1,4596.42,130
04-03-2025,Fashion,720.42,35.7,3,4181.57,116
05-03-2025,Sports,695.51,41.13,1,9353.83,214
06-03-2025,Fashion,991.34,40.2,1,2583.7,74
07-03-2025,Toys,137.11,27.63,1,1292.43,82
08-03-2025,Fashion,113.07,26.01,3,5886.98,188
09-03-2025,Home Decor,727.1,7.14,1,9696.29,214
10-03-2025,Home Decor,582.6,38.77,3,3840.61,124
11-03-2025,Home Decor,281.42,13.57,3,714.16,73
12-03-2025,Home Decor,88.63,24.83,2,3459.12,129
13-03-2025,Sports,94.8,14.21,2,5108.72,162
14-03-2025,Toys,895.25,6.69,1,1703.04,43
15-03-2025,Fashion,199.95,31.48,3,6615.21,194
16-03-2025,Fashion,330.14,2.72,2,9977.72,242
17-03-2025,Home Decor,234.39,37.43,1,4572.22,147
18-03-2025,Home Decor,361.45,15.88,2,3611.81,116
19-03-2025,Electronics,78.73,0.01,2,4066.97,143
20-03-2025,Toys,523.87,25.56,3,1239.95,66
21-03-2025,Sports,76.94,2.34,3,8844.41,237
22-03-2025,Fashion,802.35,13.81,2,4206.77,105
23-03-2025,Electronics,241.37,35.35,2,3934.02,144
24-03-2025,Electronics,544.61,3.13,3,6630.93,172
25-03-2025,Fashion,881.28,41.97,1,4476.13,118
26-03-2025,Sports,654.37,0.19,3,6517.51,155
27-03-2025,Electronics,537.63,12.34,2,708.32,52
28-03-2025,Electronics,331.09,37.05,1,8155.86,217
29-03-2025,Toys,339.67,15.81,2,9410.99,236
30-03-2025,Sports,672.79,5.09,1,6522.78,158
31-03-2025,Electronics,994.2,18.01,2,9550.2,204
01-04-2025,Sports,665.22,13.52,1,1599.18,64
02-04-2025,Fashion,562.21,42.14,1,4826.42,147
03-04-2025,Home Decor,733.34,15.67,2,6057.89,147
04-04-2025,Electronics,470.55,39.45,1,5859.19,158
05-04-2025,Toys,69.54,44.59,3,4074.47,163
06-04-2025,Fashion,566.67,21.69,2,3447.04,115
07-04-2025,Sports,958.05,45.5,3,1355.56,55
08-04-2025,Fashion,183.55,18.87,2,3978.25,133
09-04-2025,Electronics,693.1,48.2,1,1710.34,67
10-04-2025,Sports,208.92,4.46,1,7370.22,186
11-04-2025,Home Decor,540.47,34.35,1,2167.43,77
12-04-2025,Fashion,105.71,24.69,2,679.8,70
13-04-2025,Electronics,455.87,19.38,3,5568.42,155
14-04-2025,Toys,758.6,31.64,3,5992.77,156
15-04-2025,Sports,354.1,35.19,2,8731.94,228
16-04-2025,Fashion,668.26,0.22,2,5812.12,150
17-04-2025,Fashion,797.5,8.35,3,3520.26,93
18-04-2025,Home Decor,927.91,35.65,3,8049.82,195
19-04-2025,Home Decor,242.3,33.32,3,5448.76,170
20-04-2025,Toys,405.32,48.3,3,884.87,76
21-04-2025,Toys,160.89,38.05,2,5701.92,180
22-04-2025,Electronics,992.56,47.54,2,9089.38,200
23-04-2025,Electronics,927.73,35.13,1,4023.49,101
24-04-2025,Toys,544.56,14.9,3,3033.63,103
25-04-2025,Toys,843.61,5.27,1,1520.35,47
26-04-2025,Sports,525.75,39.09,2,1599.31,78
27-04-2025,Home Decor,627.35,32.21,2,4384.44,138
28-04-2025,Electronics,98.23,2.41,1,5997.23,167
29-04-2025,Home Decor,757.72,18.0,3,898.09,47
30-04-2025,Home Decor,136.44,47.84,3,9401.73,257
01-05-2025,Toys,827.81,25.02,3,7575.82,179
02-05-2025,Sports,784.21,21.64,3,5907.58,147
03-05-2025,Fashion,711.66,22.88,1,8301.54,198
04-05-2025,Sports,45.8,10.44,1,893.85,80
05-05-2025,Sports,310.1,18.44,2,4820.7,143
06-05-2025,Home Decor,270.48,18.49,3,6337.92,179
07-05-2025,Sports,366.54,2.62,3,8303.66,215
08-05-2025,Electronics,96.77,38.38,3,7856.35,226
09-05-2025,Home Decor,937.59,20.83,1,2842.99,74
10-05-2025,Electronics,558.26,41.11,3,9414.71,238
11-05-2025,Fashion,312.47,42.52,1,1331.02,71
12-05-2025,Home Decor,403.01,10.6,3,8763.82,231
13-05-2025,Fashion,452.73,32.87,3,9712.31,255
14-05-2025,Home Decor,604.59,23.61,2,1853.82,70
15-05-2025,Toys,520.52,44.01,3,7248.45,195
16-05-2025,Sports,920.2,10.79,3,498.83,33
17-05-2025,Toys,501.99,33.89,2,4113.69,129
18-05-2025,Fashion,992.24,30.39,1,5211.2,122
19-05-2025,Sports,852.91,14.77,1,5848.39,143
20-05-2025,Home Decor,216.43,6.83,3,9365.78,242
21-05-2025,Sports,931.29,32.58,1,6755.28,149
22-05-2025,Electronics,125.2,36.93,3,4864.65,160
23-05-2025,Sports,819.28,15.78,2,8115.78,182
24-05-2025,Electronics,386.82,32.24,2,9510.27,240
25-05-2025,Sports,879.19,19.76,3,318.45,42
26-05-2025,Electronics,869.38,35.66,2,9826.96,221
27-05-2025,Fashion,807.87,9.96,2,952.71,42
28-05-2025,Toys,792.13,44.51,3,8162.43,201
29-05-2025,Home Decor,311.63,14.37,3,2875.31,117
30-05-2025,Sports,90.11,18.39,2,1408.58,101
31-05-2025,Toys,408.95,2.9,1,4454.57,121
01-06-2025,Home Decor,181.79,5.58,1,6475.17,174
02-06-2025,Home Decor,698.0,25.79,3,3871.42,120
03-06-2025,Electronics,352.64,13.38,3,640.2,67
04-06-2025,Fashion,975.85,41.77,1,6034.67,148
05-06-2025,Fashion,644.56,0.73,2,9033.79,211
06-06-2025,Toys,824.26,18.95,1,3893.83,95
07-06-2025,Fashion,141.2,16.87,1,2241.69,100
08-06-2025,Sports,863.39,0.97,1,4481.52,107
09-06-2025,Fashion,923.53,6.22,1,578.79,26
10-06-2025,Toys,492.19,20.68,3,8222.83,213
11-06-2025,Fashion,610.19,24.64,3,8280.77,212
12-06-2025,Sports,767.16,20.21,2,5921.2,151
13-06-2025,Electronics,183.09,26.55,2,3595.72,137
14-06-2025,Toys,507.54,29.76,2,8017.86,207
15-06-2025,Electronics,404.68,0.5,2,5591.4,150
16-06-2025,Electronics,154.91,23.2,1,8276.73,220
17-06-2025,Electronics,373.86,48.17,3,6351.44,193
18-06-2025,Home Decor,77.49,25.95,3,7865.61,222
19-06-2025,Home Decor,35.55,33.88,2,6025.77,190
20-06-2025,Electronics,143.81,15.59,2,4200.0,139
21-06-2025,Toys,963.48,38.7,1,9583.66,210
22-06-2025,Sports,554.03,38.65,1,5457.03,154
23-06-2025,Sports,966.16,26.06,2,6090.39,142
24-06-2025,Fashion,438.17,48.8,3,2282.83,103
25-06-2025,Toys,318.7,6.28,3,6293.94,170
26-06-2025,Home Decor,511.08,0.85,3,5758.92,158
27-06-2025,Electronics,445.12,38.51,2,1929.9,91
28-06-2025,Fashion,114.61,40.36,3,689.91,95
29-06-2025,Sports,644.42,6.01,1,6083.16,144
30-06-2025,Home Decor,223.88,13.28,1,7660.55,202
01-07-2025,Home Decor,623.39,0.88,2,5281.67,135
02-07-2025,Electronics,653.7,14.67,1,2345.05,81
03-07-2025,Sports,160.5,38.66,2,6698.57,197
04-07-2025,Toys,70.74,25.9,3,893.05,88
05-07-2025,Home Decor,782.95,17.4,3,4474.15,123
06-07-2025,Electronics,465.2,18.59,3,1717.33,82
07-07-2025,Toys,67.58,0.07,1,1926.14,87
08-07-2025,Sports,994.92,14.99,2,2102.71,57
09-07-2025,Home Decor,67.2,32.32,3,3928.4,155
10-07-2025,Toys,698.08,48.71,2,606.39,46
11-07-2025,Toys,983.84,42.35,3,4038.16,109
12-07-2025,Toys,246.79,1.18,1,5165.9,142
13-07-2025,Home Decor,150.83,44.93,1,4884.61,164
14-07-2025,Home Decor,130.17,39.16,2,3889.56,135
15-07-2025,Fashion,310.24,39.02,1,8407.55,216
16-07-2025,Sports,110.04,22.9,1,1538.73,89
17-07-2025,Electronics,695.24,19.9,2,5106.4,141
18-07-2025,Toys,71.67,15.15,3,714.21,79
19-07-2025,Fashion,514.33,3.28,1,804.44,43
20-07-2025,Electronics,996.73,11.41,2,5781.27,138
21-07-2025,Fashion,815.83,12.33,1,5703.58,124
22-07-2025,Home Decor,619.07,24.2,1,8792.53,196
23-07-2025,Toys,313.19,37.37,1,5622.95,165
24-07-2025,Electronics,627.66,23.69,1,9601.93,220
25-07-2025,Electronics,531.77,2.89,2,582.08,40
26-07-2025,Electronics,431.82,47.89,2,1070.28,77
27-07-2025,Electronics,139.4,47.14,2,536.25,79
28-07-2025,Electronics,887.74,39.26,1,1934.24,58
29-07-2025,Fashion,455.29,49.57,1,5458.57,149
30-07-2025,Toys,202.68,27.22,1,6491.16,187
31-07-2025,Home Decor,374.08,48.14,2,551.29,70
01-08-2025,Home Decor,419.99,3.78,1,9465.11,223
02-08-2025,Home Decor,829.26,18.28,3,8437.44,207
03-08-2025,Home Decor,736.28,11.27,1,3036.46,76
04-08-2025,Fashion,771.61,9.79,3,864.16,39
05-08-2025,Sports,20.92,7.04,1,1781.88,88
06-08-2025,Toys,421.99,31.12,2,1356.75,75
07-08-2025,Electronics,486.53,39.07,1,1320.51,70
08-08-2025,Sports,29.0,28.91,3,5233.76,175
09-08-2025,Home Decor,267.22,7.35,3,2533.89,106
10-08-2025,Sports,762.69,40.56,1,3645.58,95
11-08-2025,Toys,145.74,31.8,3,9896.1,272
12-08-2025,Electronics,539.96,19.41,3,6874.71,180
13-08-2025,Electronics,223.05,33.71,2,9494.91,254
14-08-2025,Toys,22.0,13.0,1,1511.31,89
15-08-2025,Toys,248.79,17.26,1,3883.18,127
16-08-2025,Home Decor,976.12,45.87,1,5591.84,134
17-08-2025,Electronics,803.52,14.53,3,859.9,48
18-08-2025,Sports,959.98,23.5,1,141.46,20
19-08-2025,Fashion,492.98,44.51,1,6737.3,185
20-08-2025,Fashion,118.64,35.39,2,6454.01,194
21-08-2025,Toys,552.48,3.11,2,4166.81,120
22-08-2025,Home Decor,459.83,7.37,2,4947.48,137
23-08-2025,Fashion,845.91,0.39,3,4212.89,114
24-08-2025,Electronics,107.1,31.55,1,337.65,62
25-08-2025,Toys,493.36,22.38,2,3420.18,119
26-08-2025,Sports,158.55,6.71,2,1853.11,90
27-08-2025,Toys,331.43,47.9,2,1074.4,72
28-08-2025,Sports,739.98,26.48,1,9571.53,218
29-08-2025,Toys,481.26,12.09,1,6033.66,151
30-08-2025,Toys,382.13,25.03,1,7313.7,193
31-08-2025,Toys,400.53,33.98,3,3222.1,116
01-09-2025,Sports,464.85,3.81,3,3992.16,120
02-09-2025,Sports,787.17,13.74,2,2445.55,64
03-09-2025,Toys,893.16,40.35,1,1059.96,41
04-09-2025,Fashion,955.78,22.98,2,1872.41,44
05-09-2025,Home Decor,789.03,27.33,1,7995.39,175
06-09-2025,Home Decor,322.25,21.64,1,6807.7,185
07-09-2025,Home Decor,691.25,2.19,1,5514.6,135
08-09-2025,Sports,443.23,8.29,3,4803.39,143
09-09-2025,Sports,262.12,22.28,3,9232.1,238
10-09-2025,Fashion,842.46,10.46,1,820.08,32
11-09-2025,Home Decor,48.04,2.5,2,2877.95,115
12-09-2025,Home Decor,902.74,42.18,1,3564.38,88
13-09-2025,Toys,466.86,49.06,1,7846.02,210
14-09-2025,Sports,640.83,39.66,2,9925.89,242
15-09-2025,Home Decor,662.76,42.69,1,2482.64,83
16-09-2025,Fashion,896.17,12.1,2,8755.64,194
17-09-2025,Fashion,640.3,48.03,3,8323.17,214
18-09-2025,Home Decor,617.79,9.85,3,2324.11,73
19-09-2025,Sports,75.99,47.57,2,4053.39,150
20-09-2025,Fashion,523.22,49.74,3,4155.76,133
21-09-2025,Toys,158.67,35.59,3,9784.38,258
22-09-2025,Fashion,740.06,49.06,2,1890.83,74
23-09-2025,Electronics,517.1,28.48,3,8011.66,216
24-09-2025,Electronics,683.43,12.98,1,3408.51,96
25-09-2025,Sports,51.26,21.85,1,7335.62,202
26-09-2025,Home Decor,93.94,29.68,2,4258.11,152
